post_title,post_excerpt,post_status,post_parent,menu_order,post_date,discount_type,coupon_amount,free_shipping,expiry_date,minimum_amount,maximum_amount,individual_use,exclude_sale_items,product_ids,exclude_product_ids,product_categories,exclude_product_categories,customer_email,usage_limit,usage_limit_per_user,limit_usage_to_x_items,sc_coupon_validity,validity_suffix,auto_generate_coupon,coupon_title_prefix,coupon_title_suffix,is_pick_price_of_product,sc_disable_email_restriction,sc_is_visible_storewide
"r1216585c2fcb6ce3a","","publish","","","","Store Credit / Gift Certificate","25","no","","","","no","no","","","","","","1","","","","days","","R1216","","no","no","no"
"r1216585c2fcb6cea2","","publish","","","","Store Credit / Gift Certificate","25","no","","","","no","no","","","","","","1","","","","days","","R1216","","no","no","no"
"r1216585c2fcb6cef5","","publish","","","","Store Credit / Gift Certificate","25","no","","","","no","no","","","","","","1","","","","days","","R1216","","no","no","no"
"r1216585c2fcb6cf44","","publish","","","","Store Credit / Gift Certificate","25","no","","","","no","no","","","","","","1","","","","days","","R1216","","no","no","no"
"r1216585c2fcb6cf92","","publish","","","","Store Credit / Gift Certificate","25","no","","","","no","no","","","","","","1","","","","days","","R1216","","no","no","no"
"r1216585c2fcb6cfe1","","publish","","","","Store Credit / Gift Certificate","25","no","","","","no","no","","","","","","1","","","","days","","R1216","","no","no","no"
"r1216585c2fcb6d036","","publish","","","","Store Credit / Gift Certificate","25","no","","","","no","no","","","","","","1","","","","days","","R1216","","no","no","no"
"r1216585c2fcb6d085","","publish","","","","Store Credit / Gift Certificate","25","no","","","","no","no","","","","","","1","","","","days","","R1216","","no","no","no"
"r1216585c2fcb6d0d2","","publish","","","","Store Credit / Gift Certificate","25","no","","","","no","no","","","","","","1","","","","days","","R1216","","no","no","no"
"r1216585c2fcb6d120","","publish","","","","Store Credit / Gift Certificate","25","no","","","","no","no","","","","","","1","","","","days","","R1216","","no","no","no"
"r1216585c2fcb6d172","","publish","","","","Store Credit / Gift Certificate","25","no","","","","no","no","","","","","","1","","","","days","","R1216","","no","no","no"
"r1216585c2fcb6d1c0","","publish","","","","Store Credit / Gift Certificate","25","no","","","","no","no","","","","","","1","","","","days","","R1216","","no","no","no"
"r1216585c2fcb6d20e","","publish","","","","Store Credit / Gift Certificate","25","no","","","","no","no","","","","","","1","","","","days","","R1216","","no","no","no"
"r1216585c2fcb6d25a","","publish","","","","Store Credit / Gift Certificate","25","no","","","","no","no","","","","","","1","","","","days","","R1216","","no","no","no"
"r1216585c2fcb6d2ab","","publish","","","","Store Credit / Gift Certificate","25","no","","","","no","no","","","","","","1","","","","days","","R1216","","no","no","no"
"r1216585c2fcb6d2f9","","publish","","","","Store Credit / Gift Certificate","25","no","","","","no","no","","","","","","1","","","","days","","R1216","","no","no","no"
"r1216585c2fcb6d346","","publish","","","","Store Credit / Gift Certificate","25","no","","","","no","no","","","","","","1","","","","days","","R1216","","no","no","no"
"r1216585c2fcb6d394","","publish","","","","Store Credit / Gift Certificate","25","no","","","","no","no","","","","","","1","","","","days","","R1216","","no","no","no"
"r1216585c2fcb6d3e6","","publish","","","","Store Credit / Gift Certificate","25","no","","","","no","no","","","","","","1","","","","days","","R1216","","no","no","no"
"r1216585c2fcb6d434","","publish","","","","Store Credit / Gift Certificate","25","no","","","","no","no","","","","","","1","","","","days","","R1216","","no","no","no"
"r1216585c2fcb6d481","","publish","","","","Store Credit / Gift Certificate","25","no","","","","no","no","","","","","","1","","","","days","","R1216","","no","no","no"
"r1216585c2fcb6d4cf","","publish","","","","Store Credit / Gift Certificate","25","no","","","","no","no","","","","","","1","","","","days","","R1216","","no","no","no"
"r1216585c2fcb6d51d","","publish","","","","Store Credit / Gift Certificate","25","no","","","","no","no","","","","","","1","","","","days","","R1216","","no","no","no"
"r1216585c2fcb6d56c","","publish","","","","Store Credit / Gift Certificate","25","no","","","","no","no","","","","","","1","","","","days","","R1216","","no","no","no"
"r1216585c2fcb6d5bd","","publish","","","","Store Credit / Gift Certificate","25","no","","","","no","no","","","","","","1","","","","days","","R1216","","no","no","no"
"r1216585c2fcb6d60c","","publish","","","","Store Credit / Gift Certificate","25","no","","","","no","no","","","","","","1","","","","days","","R1216","","no","no","no"
"r1216585c2fcb6d65b","","publish","","","","Store Credit / Gift Certificate","25","no","","","","no","no","","","","","","1","","","","days","","R1216","","no","no","no"
"r1216585c2fcb6d6a9","","publish","","","","Store Credit / Gift Certificate","25","no","","","","no","no","","","","","","1","","","","days","","R1216","","no","no","no"
"r1216585c2fcb6d6f7","","publish","","","","Store Credit / Gift Certificate","25","no","","","","no","no","","","","","","1","","","","days","","R1216","","no","no","no"
"r1216585c2fcb6d746","","publish","","","","Store Credit / Gift Certificate","25","no","","","","no","no","","","","","","1","","","","days","","R1216","","no","no","no"
"r1216585c2fcb6d795","","publish","","","","Store Credit / Gift Certificate","25","no","","","","no","no","","","","","","1","","","","days","","R1216","","no","no","no"
"r1216585c2fcb6d7e4","","publish","","","","Store Credit / Gift Certificate","25","no","","","","no","no","","","","","","1","","","","days","","R1216","","no","no","no"
"r1216585c2fcb6d833","","publish","","","","Store Credit / Gift Certificate","25","no","","","","no","no","","","","","","1","","","","days","","R1216","","no","no","no"
"r1216585c2fcb6d883","","publish","","","","Store Credit / Gift Certificate","25","no","","","","no","no","","","","","","1","","","","days","","R1216","","no","no","no"
"r1216585c2fcb6d8d3","","publish","","","","Store Credit / Gift Certificate","25","no","","","","no","no","","","","","","1","","","","days","","R1216","","no","no","no"
"r1216585c2fcb6d923","","publish","","","","Store Credit / Gift Certificate","25","no","","","","no","no","","","","","","1","","","","days","","R1216","","no","no","no"
"r1216585c2fcb6d972","","publish","","","","Store Credit / Gift Certificate","25","no","","","","no","no","","","","","","1","","","","days","","R1216","","no","no","no"
"r1216585c2fcb6d9c1","","publish","","","","Store Credit / Gift Certificate","25","no","","","","no","no","","","","","","1","","","","days","","R1216","","no","no","no"
"r1216585c2fcb6da10","","publish","","","","Store Credit / Gift Certificate","25","no","","","","no","no","","","","","","1","","","","days","","R1216","","no","no","no"
"r1216585c2fcb6da62","","publish","","","","Store Credit / Gift Certificate","25","no","","","","no","no","","","","","","1","","","","days","","R1216","","no","no","no"
"r1216585c2fcb6dab2","","publish","","","","Store Credit / Gift Certificate","25","no","","","","no","no","","","","","","1","","","","days","","R1216","","no","no","no"
"r1216585c2fcb6db00","","publish","","","","Store Credit / Gift Certificate","25","no","","","","no","no","","","","","","1","","","","days","","R1216","","no","no","no"
"r1216585c2fcb6db4f","","publish","","","","Store Credit / Gift Certificate","25","no","","","","no","no","","","","","","1","","","","days","","R1216","","no","no","no"
"r1216585c2fcb6db9d","","publish","","","","Store Credit / Gift Certificate","25","no","","","","no","no","","","","","","1","","","","days","","R1216","","no","no","no"
"r1216585c2fcb6dbec","","publish","","","","Store Credit / Gift Certificate","25","no","","","","no","no","","","","","","1","","","","days","","R1216","","no","no","no"
"r1216585c2fcb6dc3b","","publish","","","","Store Credit / Gift Certificate","25","no","","","","no","no","","","","","","1","","","","days","","R1216","","no","no","no"
"r1216585c2fcb6dc8a","","publish","","","","Store Credit / Gift Certificate","25","no","","","","no","no","","","","","","1","","","","days","","R1216","","no","no","no"
"r1216585c2fcb6dcd9","","publish","","","","Store Credit / Gift Certificate","25","no","","","","no","no","","","","","","1","","","","days","","R1216","","no","no","no"
"r1216585c2fcb6dd2d","","publish","","","","Store Credit / Gift Certificate","25","no","","","","no","no","","","","","","1","","","","days","","R1216","","no","no","no"
"r1216585c2fcb6dd7d","","publish","","","","Store Credit / Gift Certificate","25","no","","","","no","no","","","","","","1","","","","days","","R1216","","no","no","no"
"r1216585c2fcb6ddcd","","publish","","","","Store Credit / Gift Certificate","25","no","","","","no","no","","","","","","1","","","","days","","R1216","","no","no","no"
"r1216585c2fcb6de1e","","publish","","","","Store Credit / Gift Certificate","25","no","","","","no","no","","","","","","1","","","","days","","R1216","","no","no","no"
"r1216585c2fcb6de6e","","publish","","","","Store Credit / Gift Certificate","25","no","","","","no","no","","","","","","1","","","","days","","R1216","","no","no","no"
"r1216585c2fcb6debf","","publish","","","","Store Credit / Gift Certificate","25","no","","","","no","no","","","","","","1","","","","days","","R1216","","no","no","no"
"r1216585c2fcb6df0f","","publish","","","","Store Credit / Gift Certificate","25","no","","","","no","no","","","","","","1","","","","days","","R1216","","no","no","no"
"r1216585c2fcb6df5f","","publish","","","","Store Credit / Gift Certificate","25","no","","","","no","no","","","","","","1","","","","days","","R1216","","no","no","no"
"r1216585c2fcb6dfaf","","publish","","","","Store Credit / Gift Certificate","25","no","","","","no","no","","","","","","1","","","","days","","R1216","","no","no","no"
"r1216585c2fcb6dfff","","publish","","","","Store Credit / Gift Certificate","25","no","","","","no","no","","","","","","1","","","","days","","R1216","","no","no","no"
"r1216585c2fcb6e04f","","publish","","","","Store Credit / Gift Certificate","25","no","","","","no","no","","","","","","1","","","","days","","R1216","","no","no","no"
"r1216585c2fcb6e09e","","publish","","","","Store Credit / Gift Certificate","25","no","","","","no","no","","","","","","1","","","","days","","R1216","","no","no","no"
"r1216585c2fcb6e0ef","","publish","","","","Store Credit / Gift Certificate","25","no","","","","no","no","","","","","","1","","","","days","","R1216","","no","no","no"
"r1216585c2fcb6e142","","publish","","","","Store Credit / Gift Certificate","25","no","","","","no","no","","","","","","1","","","","days","","R1216","","no","no","no"
"r1216585c2fcb6e19d","","publish","","","","Store Credit / Gift Certificate","25","no","","","","no","no","","","","","","1","","","","days","","R1216","","no","no","no"
"r1216585c2fcb6e1ee","","publish","","","","Store Credit / Gift Certificate","25","no","","","","no","no","","","","","","1","","","","days","","R1216","","no","no","no"
"r1216585c2fcb6e243","","publish","","","","Store Credit / Gift Certificate","25","no","","","","no","no","","","","","","1","","","","days","","R1216","","no","no","no"
"r1216585c2fcb6e29e","","publish","","","","Store Credit / Gift Certificate","25","no","","","","no","no","","","","","","1","","","","days","","R1216","","no","no","no"
"r1216585c2fcb6e2f0","","publish","","","","Store Credit / Gift Certificate","25","no","","","","no","no","","","","","","1","","","","days","","R1216","","no","no","no"
"r1216585c2fcb6e342","","publish","","","","Store Credit / Gift Certificate","25","no","","","","no","no","","","","","","1","","","","days","","R1216","","no","no","no"
"r1216585c2fcb6e392","","publish","","","","Store Credit / Gift Certificate","25","no","","","","no","no","","","","","","1","","","","days","","R1216","","no","no","no"
"r1216585c2fcb6e3e2","","publish","","","","Store Credit / Gift Certificate","25","no","","","","no","no","","","","","","1","","","","days","","R1216","","no","no","no"
"r1216585c2fcb6e432","","publish","","","","Store Credit / Gift Certificate","25","no","","","","no","no","","","","","","1","","","","days","","R1216","","no","no","no"
"r1216585c2fcb6e481","","publish","","","","Store Credit / Gift Certificate","25","no","","","","no","no","","","","","","1","","","","days","","R1216","","no","no","no"
"r1216585c2fcb6e4d1","","publish","","","","Store Credit / Gift Certificate","25","no","","","","no","no","","","","","","1","","","","days","","R1216","","no","no","no"
"r1216585c2fcb6e523","","publish","","","","Store Credit / Gift Certificate","25","no","","","","no","no","","","","","","1","","","","days","","R1216","","no","no","no"
"r1216585c2fcb6e574","","publish","","","","Store Credit / Gift Certificate","25","no","","","","no","no","","","","","","1","","","","days","","R1216","","no","no","no"
"r1216585c2fcb6e5c5","","publish","","","","Store Credit / Gift Certificate","25","no","","","","no","no","","","","","","1","","","","days","","R1216","","no","no","no"
"r1216585c2fcb6e617","","publish","","","","Store Credit / Gift Certificate","25","no","","","","no","no","","","","","","1","","","","days","","R1216","","no","no","no"
"r1216585c2fcb6e669","","publish","","","","Store Credit / Gift Certificate","25","no","","","","no","no","","","","","","1","","","","days","","R1216","","no","no","no"
"r1216585c2fcb6e6bd","","publish","","","","Store Credit / Gift Certificate","25","no","","","","no","no","","","","","","1","","","","days","","R1216","","no","no","no"
"r1216585c2fcb6e710","","publish","","","","Store Credit / Gift Certificate","25","no","","","","no","no","","","","","","1","","","","days","","R1216","","no","no","no"
"r1216585c2fcb6e761","","publish","","","","Store Credit / Gift Certificate","25","no","","","","no","no","","","","","","1","","","","days","","R1216","","no","no","no"
"r1216585c2fcb6e7b2","","publish","","","","Store Credit / Gift Certificate","25","no","","","","no","no","","","","","","1","","","","days","","R1216","","no","no","no"
"r1216585c2fcb6e804","","publish","","","","Store Credit / Gift Certificate","25","no","","","","no","no","","","","","","1","","","","days","","R1216","","no","no","no"
"r1216585c2fcb6e856","","publish","","","","Store Credit / Gift Certificate","25","no","","","","no","no","","","","","","1","","","","days","","R1216","","no","no","no"
"r1216585c2fcb6e8a9","","publish","","","","Store Credit / Gift Certificate","25","no","","","","no","no","","","","","","1","","","","days","","R1216","","no","no","no"
"r1216585c2fcb6e8fd","","publish","","","","Store Credit / Gift Certificate","25","no","","","","no","no","","","","","","1","","","","days","","R1216","","no","no","no"
"r1216585c2fcb6e94e","","publish","","","","Store Credit / Gift Certificate","25","no","","","","no","no","","","","","","1","","","","days","","R1216","","no","no","no"
"r1216585c2fcb6e99f","","publish","","","","Store Credit / Gift Certificate","25","no","","","","no","no","","","","","","1","","","","days","","R1216","","no","no","no"
"r1216585c2fcb6e9f1","","publish","","","","Store Credit / Gift Certificate","25","no","","","","no","no","","","","","","1","","","","days","","R1216","","no","no","no"
"r1216585c2fcb6ea43","","publish","","","","Store Credit / Gift Certificate","25","no","","","","no","no","","","","","","1","","","","days","","R1216","","no","no","no"
"r1216585c2fcb6ea99","","publish","","","","Store Credit / Gift Certificate","25","no","","","","no","no","","","","","","1","","","","days","","R1216","","no","no","no"
"r1216585c2fcb6eaf0","","publish","","","","Store Credit / Gift Certificate","25","no","","","","no","no","","","","","","1","","","","days","","R1216","","no","no","no"
"r1216585c2fcb6eb42","","publish","","","","Store Credit / Gift Certificate","25","no","","","","no","no","","","","","","1","","","","days","","R1216","","no","no","no"
"r1216585c2fcb6eb95","","publish","","","","Store Credit / Gift Certificate","25","no","","","","no","no","","","","","","1","","","","days","","R1216","","no","no","no"
"r1216585c2fcb6ebe7","","publish","","","","Store Credit / Gift Certificate","25","no","","","","no","no","","","","","","1","","","","days","","R1216","","no","no","no"
"r1216585c2fcb6ec38","","publish","","","","Store Credit / Gift Certificate","25","no","","","","no","no","","","","","","1","","","","days","","R1216","","no","no","no"
"r1216585c2fcb6ec8d","","publish","","","","Store Credit / Gift Certificate","25","no","","","","no","no","","","","","","1","","","","days","","R1216","","no","no","no"
"r1216585c2fcb6ece2","","publish","","","","Store Credit / Gift Certificate","25","no","","","","no","no","","","","","","1","","","","days","","R1216","","no","no","no"
"r1216585c2fcb6ed36","","publish","","","","Store Credit / Gift Certificate","25","no","","","","no","no","","","","","","1","","","","days","","R1216","","no","no","no"
"r1216585c2fcb6ed89","","publish","","","","Store Credit / Gift Certificate","25","no","","","","no","no","","","","","","1","","","","days","","R1216","","no","no","no"
"r1216585c2fcb6eddd","","publish","","","","Store Credit / Gift Certificate","25","no","","","","no","no","","","","","","1","","","","days","","R1216","","no","no","no"
"r1216585c2fcb6ee31","","publish","","","","Store Credit / Gift Certificate","25","no","","","","no","no","","","","","","1","","","","days","","R1216","","no","no","no"
"r1216585c2fcb6ee83","","publish","","","","Store Credit / Gift Certificate","25","no","","","","no","no","","","","","","1","","","","days","","R1216","","no","no","no"
"r1216585c2fcb6eee2","","publish","","","","Store Credit / Gift Certificate","25","no","","","","no","no","","","","","","1","","","","days","","R1216","","no","no","no"
"r1216585c2fcb6ef3a","","publish","","","","Store Credit / Gift Certificate","25","no","","","","no","no","","","","","","1","","","","days","","R1216","","no","no","no"
"r1216585c2fcb6ef8b","","publish","","","","Store Credit / Gift Certificate","25","no","","","","no","no","","","","","","1","","","","days","","R1216","","no","no","no"
"r1216585c2fcb6efdb","","publish","","","","Store Credit / Gift Certificate","25","no","","","","no","no","","","","","","1","","","","days","","R1216","","no","no","no"
"r1216585c2fcb6f02c","","publish","","","","Store Credit / Gift Certificate","25","no","","","","no","no","","","","","","1","","","","days","","R1216","","no","no","no"
"r1216585c2fcb6f07c","","publish","","","","Store Credit / Gift Certificate","25","no","","","","no","no","","","","","","1","","","","days","","R1216","","no","no","no"
"r1216585c2fcb6f0cd","","publish","","","","Store Credit / Gift Certificate","25","no","","","","no","no","","","","","","1","","","","days","","R1216","","no","no","no"
"r1216585c2fcb6f11e","","publish","","","","Store Credit / Gift Certificate","25","no","","","","no","no","","","","","","1","","","","days","","R1216","","no","no","no"
"r1216585c2fcb6f16f","","publish","","","","Store Credit / Gift Certificate","25","no","","","","no","no","","","","","","1","","","","days","","R1216","","no","no","no"
"r1216585c2fcb6f1c0","","publish","","","","Store Credit / Gift Certificate","25","no","","","","no","no","","","","","","1","","","","days","","R1216","","no","no","no"
"r1216585c2fcb6f210","","publish","","","","Store Credit / Gift Certificate","25","no","","","","no","no","","","","","","1","","","","days","","R1216","","no","no","no"
"r1216585c2fcb6f260","","publish","","","","Store Credit / Gift Certificate","25","no","","","","no","no","","","","","","1","","","","days","","R1216","","no","no","no"
"r1216585c2fcb6f2b0","","publish","","","","Store Credit / Gift Certificate","25","no","","","","no","no","","","","","","1","","","","days","","R1216","","no","no","no"
"r1216585c2fcb6f301","","publish","","","","Store Credit / Gift Certificate","25","no","","","","no","no","","","","","","1","","","","days","","R1216","","no","no","no"
"r1216585c2fcb6f351","","publish","","","","Store Credit / Gift Certificate","25","no","","","","no","no","","","","","","1","","","","days","","R1216","","no","no","no"
"r1216585c2fcb6f3a6","","publish","","","","Store Credit / Gift Certificate","25","no","","","","no","no","","","","","","1","","","","days","","R1216","","no","no","no"
"r1216585c2fcb6f3f8","","publish","","","","Store Credit / Gift Certificate","25","no","","","","no","no","","","","","","1","","","","days","","R1216","","no","no","no"
"r1216585c2fcb6f449","","publish","","","","Store Credit / Gift Certificate","25","no","","","","no","no","","","","","","1","","","","days","","R1216","","no","no","no"
"r1216585c2fcb6f49e","","publish","","","","Store Credit / Gift Certificate","25","no","","","","no","no","","","","","","1","","","","days","","R1216","","no","no","no"
"r1216585c2fcb6f4ef","","publish","","","","Store Credit / Gift Certificate","25","no","","","","no","no","","","","","","1","","","","days","","R1216","","no","no","no"
"r1216585c2fcb6f53f","","publish","","","","Store Credit / Gift Certificate","25","no","","","","no","no","","","","","","1","","","","days","","R1216","","no","no","no"
"r1216585c2fcb6f590","","publish","","","","Store Credit / Gift Certificate","25","no","","","","no","no","","","","","","1","","","","days","","R1216","","no","no","no"
"r1216585c2fcb6f5e0","","publish","","","","Store Credit / Gift Certificate","25","no","","","","no","no","","","","","","1","","","","days","","R1216","","no","no","no"
"r1216585c2fcb6f631","","publish","","","","Store Credit / Gift Certificate","25","no","","","","no","no","","","","","","1","","","","days","","R1216","","no","no","no"
"r1216585c2fcb6f682","","publish","","","","Store Credit / Gift Certificate","25","no","","","","no","no","","","","","","1","","","","days","","R1216","","no","no","no"
"r1216585c2fcb6f6d4","","publish","","","","Store Credit / Gift Certificate","25","no","","","","no","no","","","","","","1","","","","days","","R1216","","no","no","no"
"r1216585c2fcb6f72b","","publish","","","","Store Credit / Gift Certificate","25","no","","","","no","no","","","","","","1","","","","days","","R1216","","no","no","no"
"r1216585c2fcb6f77d","","publish","","","","Store Credit / Gift Certificate","25","no","","","","no","no","","","","","","1","","","","days","","R1216","","no","no","no"
"r1216585c2fcb6f7cf","","publish","","","","Store Credit / Gift Certificate","25","no","","","","no","no","","","","","","1","","","","days","","R1216","","no","no","no"
"r1216585c2fcb6f821","","publish","","","","Store Credit / Gift Certificate","25","no","","","","no","no","","","","","","1","","","","days","","R1216","","no","no","no"
"r1216585c2fcb6f872","","publish","","","","Store Credit / Gift Certificate","25","no","","","","no","no","","","","","","1","","","","days","","R1216","","no","no","no"
"r1216585c2fcb6f8c5","","publish","","","","Store Credit / Gift Certificate","25","no","","","","no","no","","","","","","1","","","","days","","R1216","","no","no","no"
"r1216585c2fcb6f917","","publish","","","","Store Credit / Gift Certificate","25","no","","","","no","no","","","","","","1","","","","days","","R1216","","no","no","no"
"r1216585c2fcb6f968","","publish","","","","Store Credit / Gift Certificate","25","no","","","","no","no","","","","","","1","","","","days","","R1216","","no","no","no"
"r1216585c2fcb6f9b9","","publish","","","","Store Credit / Gift Certificate","25","no","","","","no","no","","","","","","1","","","","days","","R1216","","no","no","no"
"r1216585c2fcb6fa0a","","publish","","","","Store Credit / Gift Certificate","25","no","","","","no","no","","","","","","1","","","","days","","R1216","","no","no","no"
"r1216585c2fcb6fa5c","","publish","","","","Store Credit / Gift Certificate","25","no","","","","no","no","","","","","","1","","","","days","","R1216","","no","no","no"
"r1216585c2fcb6faae","","publish","","","","Store Credit / Gift Certificate","25","no","","","","no","no","","","","","","1","","","","days","","R1216","","no","no","no"
"r1216585c2fcb6fb00","","publish","","","","Store Credit / Gift Certificate","25","no","","","","no","no","","","","","","1","","","","days","","R1216","","no","no","no"
"r1216585c2fcb6fb53","","publish","","","","Store Credit / Gift Certificate","25","no","","","","no","no","","","","","","1","","","","days","","R1216","","no","no","no"
"r1216585c2fcb6fba6","","publish","","","","Store Credit / Gift Certificate","25","no","","","","no","no","","","","","","1","","","","days","","R1216","","no","no","no"
"r1216585c2fcb6fbf8","","publish","","","","Store Credit / Gift Certificate","25","no","","","","no","no","","","","","","1","","","","days","","R1216","","no","no","no"
"r1216585c2fcb6fc4e","","publish","","","","Store Credit / Gift Certificate","25","no","","","","no","no","","","","","","1","","","","days","","R1216","","no","no","no"
"r1216585c2fcb6fca1","","publish","","","","Store Credit / Gift Certificate","25","no","","","","no","no","","","","","","1","","","","days","","R1216","","no","no","no"
"r1216585c2fcb6fcf4","","publish","","","","Store Credit / Gift Certificate","25","no","","","","no","no","","","","","","1","","","","days","","R1216","","no","no","no"
"r1216585c2fcb6fd4e","","publish","","","","Store Credit / Gift Certificate","25","no","","","","no","no","","","","","","1","","","","days","","R1216","","no","no","no"
"r1216585c2fcb6fda8","","publish","","","","Store Credit / Gift Certificate","25","no","","","","no","no","","","","","","1","","","","days","","R1216","","no","no","no"
"r1216585c2fcb6fdfb","","publish","","","","Store Credit / Gift Certificate","25","no","","","","no","no","","","","","","1","","","","days","","R1216","","no","no","no"
"r1216585c2fcb6fe4e","","publish","","","","Store Credit / Gift Certificate","25","no","","","","no","no","","","","","","1","","","","days","","R1216","","no","no","no"
"r1216585c2fcb6feb1","","publish","","","","Store Credit / Gift Certificate","25","no","","","","no","no","","","","","","1","","","","days","","R1216","","no","no","no"
"r1216585c2fcb6fedb","","publish","","","","Store Credit / Gift Certificate","25","no","","","","no","no","","","","","","1","","","","days","","R1216","","no","no","no"
"r1216585c2fcb6ff2e","","publish","","","","Store Credit / Gift Certificate","25","no","","","","no","no","","","","","","1","","","","days","","R1216","","no","no","no"
"r1216585c2fcb6ff81","","publish","","","","Store Credit / Gift Certificate","25","no","","","","no","no","","","","","","1","","","","days","","R1216","","no","no","no"
"r1216585c2fcb6ffdd","","publish","","","","Store Credit / Gift Certificate","25","no","","","","no","no","","","","","","1","","","","days","","R1216","","no","no","no"
"r1216585c2fcb70033","","publish","","","","Store Credit / Gift Certificate","25","no","","","","no","no","","","","","","1","","","","days","","R1216","","no","no","no"
"r1216585c2fcb70087","","publish","","","","Store Credit / Gift Certificate","25","no","","","","no","no","","","","","","1","","","","days","","R1216","","no","no","no"
"r1216585c2fcb700db","","publish","","","","Store Credit / Gift Certificate","25","no","","","","no","no","","","","","","1","","","","days","","R1216","","no","no","no"
"r1216585c2fcb7012e","","publish","","","","Store Credit / Gift Certificate","25","no","","","","no","no","","","","","","1","","","","days","","R1216","","no","no","no"
"r1216585c2fcb70183","","publish","","","","Store Credit / Gift Certificate","25","no","","","","no","no","","","","","","1","","","","days","","R1216","","no","no","no"
"r1216585c2fcb701d7","","publish","","","","Store Credit / Gift Certificate","25","no","","","","no","no","","","","","","1","","","","days","","R1216","","no","no","no"
"r1216585c2fcb7022d","","publish","","","","Store Credit / Gift Certificate","25","no","","","","no","no","","","","","","1","","","","days","","R1216","","no","no","no"
"r1216585c2fcb70281","","publish","","","","Store Credit / Gift Certificate","25","no","","","","no","no","","","","","","1","","","","days","","R1216","","no","no","no"
"r1216585c2fcb702d7","","publish","","","","Store Credit / Gift Certificate","25","no","","","","no","no","","","","","","1","","","","days","","R1216","","no","no","no"
"r1216585c2fcb7032c","","publish","","","","Store Credit / Gift Certificate","25","no","","","","no","no","","","","","","1","","","","days","","R1216","","no","no","no"
"r1216585c2fcb7037f","","publish","","","","Store Credit / Gift Certificate","25","no","","","","no","no","","","","","","1","","","","days","","R1216","","no","no","no"
"r1216585c2fcb703d8","","publish","","","","Store Credit / Gift Certificate","25","no","","","","no","no","","","","","","1","","","","days","","R1216","","no","no","no"
"r1216585c2fcb70438","","publish","","","","Store Credit / Gift Certificate","25","no","","","","no","no","","","","","","1","","","","days","","R1216","","no","no","no"
"r1216585c2fcb7048d","","publish","","","","Store Credit / Gift Certificate","25","no","","","","no","no","","","","","","1","","","","days","","R1216","","no","no","no"
"r1216585c2fcb704e2","","publish","","","","Store Credit / Gift Certificate","25","no","","","","no","no","","","","","","1","","","","days","","R1216","","no","no","no"
"r1216585c2fcb7053b","","publish","","","","Store Credit / Gift Certificate","25","no","","","","no","no","","","","","","1","","","","days","","R1216","","no","no","no"
"r1216585c2fcb70590","","publish","","","","Store Credit / Gift Certificate","25","no","","","","no","no","","","","","","1","","","","days","","R1216","","no","no","no"
"r1216585c2fcb705e4","","publish","","","","Store Credit / Gift Certificate","25","no","","","","no","no","","","","","","1","","","","days","","R1216","","no","no","no"
"r1216585c2fcb70638","","publish","","","","Store Credit / Gift Certificate","25","no","","","","no","no","","","","","","1","","","","days","","R1216","","no","no","no"
"r1216585c2fcb7068d","","publish","","","","Store Credit / Gift Certificate","25","no","","","","no","no","","","","","","1","","","","days","","R1216","","no","no","no"
"r1216585c2fcb706e2","","publish","","","","Store Credit / Gift Certificate","25","no","","","","no","no","","","","","","1","","","","days","","R1216","","no","no","no"
"r1216585c2fcb70737","","publish","","","","Store Credit / Gift Certificate","25","no","","","","no","no","","","","","","1","","","","days","","R1216","","no","no","no"
"r1216585c2fcb7078b","","publish","","","","Store Credit / Gift Certificate","25","no","","","","no","no","","","","","","1","","","","days","","R1216","","no","no","no"
"r1216585c2fcb707e2","","publish","","","","Store Credit / Gift Certificate","25","no","","","","no","no","","","","","","1","","","","days","","R1216","","no","no","no"
"r1216585c2fcb70837","","publish","","","","Store Credit / Gift Certificate","25","no","","","","no","no","","","","","","1","","","","days","","R1216","","no","no","no"
"r1216585c2fcb7088c","","publish","","","","Store Credit / Gift Certificate","25","no","","","","no","no","","","","","","1","","","","days","","R1216","","no","no","no"
"r1216585c2fcb708e1","","publish","","","","Store Credit / Gift Certificate","25","no","","","","no","no","","","","","","1","","","","days","","R1216","","no","no","no"
"r1216585c2fcb7093d","","publish","","","","Store Credit / Gift Certificate","25","no","","","","no","no","","","","","","1","","","","days","","R1216","","no","no","no"
"r1216585c2fcb70991","","publish","","","","Store Credit / Gift Certificate","25","no","","","","no","no","","","","","","1","","","","days","","R1216","","no","no","no"
"r1216585c2fcb709e6","","publish","","","","Store Credit / Gift Certificate","25","no","","","","no","no","","","","","","1","","","","days","","R1216","","no","no","no"
"r1216585c2fcb70a3c","","publish","","","","Store Credit / Gift Certificate","25","no","","","","no","no","","","","","","1","","","","days","","R1216","","no","no","no"
"r1216585c2fcb70a92","","publish","","","","Store Credit / Gift Certificate","25","no","","","","no","no","","","","","","1","","","","days","","R1216","","no","no","no"
"r1216585c2fcb70ae7","","publish","","","","Store Credit / Gift Certificate","25","no","","","","no","no","","","","","","1","","","","days","","R1216","","no","no","no"
"r1216585c2fcb70b44","","publish","","","","Store Credit / Gift Certificate","25","no","","","","no","no","","","","","","1","","","","days","","R1216","","no","no","no"
"r1216585c2fcb70b9a","","publish","","","","Store Credit / Gift Certificate","25","no","","","","no","no","","","","","","1","","","","days","","R1216","","no","no","no"
"r1216585c2fcb70bf0","","publish","","","","Store Credit / Gift Certificate","25","no","","","","no","no","","","","","","1","","","","days","","R1216","","no","no","no"
"r1216585c2fcb70c48","","publish","","","","Store Credit / Gift Certificate","25","no","","","","no","no","","","","","","1","","","","days","","R1216","","no","no","no"
"r1216585c2fcb70c9d","","publish","","","","Store Credit / Gift Certificate","25","no","","","","no","no","","","","","","1","","","","days","","R1216","","no","no","no"
"r1216585c2fcb70cf6","","publish","","","","Store Credit / Gift Certificate","25","no","","","","no","no","","","","","","1","","","","days","","R1216","","no","no","no"
"r1216585c2fcb70d4c","","publish","","","","Store Credit / Gift Certificate","25","no","","","","no","no","","","","","","1","","","","days","","R1216","","no","no","no"
"r1216585c2fcb70da2","","publish","","","","Store Credit / Gift Certificate","25","no","","","","no","no","","","","","","1","","","","days","","R1216","","no","no","no"
"r1216585c2fcb70df8","","publish","","","","Store Credit / Gift Certificate","25","no","","","","no","no","","","","","","1","","","","days","","R1216","","no","no","no"
"r1216585c2fcb70e4f","","publish","","","","Store Credit / Gift Certificate","25","no","","","","no","no","","","","","","1","","","","days","","R1216","","no","no","no"
"r1216585c2fcb70e96","","publish","","","","Store Credit / Gift Certificate","25","no","","","","no","no","","","","","","1","","","","days","","R1216","","no","no","no"
"r1216585c2fcb70ef7","","publish","","","","Store Credit / Gift Certificate","25","no","","","","no","no","","","","","","1","","","","days","","R1216","","no","no","no"
"r1216585c2fcb70f52","","publish","","","","Store Credit / Gift Certificate","25","no","","","","no","no","","","","","","1","","","","days","","R1216","","no","no","no"
"r1216585c2fcb70fb0","","publish","","","","Store Credit / Gift Certificate","25","no","","","","no","no","","","","","","1","","","","days","","R1216","","no","no","no"
"r1216585c2fcb7100a","","publish","","","","Store Credit / Gift Certificate","25","no","","","","no","no","","","","","","1","","","","days","","R1216","","no","no","no"
"r1216585c2fcb71063","","publish","","","","Store Credit / Gift Certificate","25","no","","","","no","no","","","","","","1","","","","days","","R1216","","no","no","no"
"r1216585c2fcb710c2","","publish","","","","Store Credit / Gift Certificate","25","no","","","","no","no","","","","","","1","","","","days","","R1216","","no","no","no"
"r1216585c2fcb7111b","","publish","","","","Store Credit / Gift Certificate","25","no","","","","no","no","","","","","","1","","","","days","","R1216","","no","no","no"
"r1216585c2fcb71174","","publish","","","","Store Credit / Gift Certificate","25","no","","","","no","no","","","","","","1","","","","days","","R1216","","no","no","no"
"r1216585c2fcb711cd","","publish","","","","Store Credit / Gift Certificate","25","no","","","","no","no","","","","","","1","","","","days","","R1216","","no","no","no"
"r1216585c2fcb71226","","publish","","","","Store Credit / Gift Certificate","25","no","","","","no","no","","","","","","1","","","","days","","R1216","","no","no","no"
"r1216585c2fcb71287","","publish","","","","Store Credit / Gift Certificate","25","no","","","","no","no","","","","","","1","","","","days","","R1216","","no","no","no"
"r1216585c2fcb712e0","","publish","","","","Store Credit / Gift Certificate","25","no","","","","no","no","","","","","","1","","","","days","","R1216","","no","no","no"
"r1216585c2fcb71339","","publish","","","","Store Credit / Gift Certificate","25","no","","","","no","no","","","","","","1","","","","days","","R1216","","no","no","no"
"r1216585c2fcb71396","","publish","","","","Store Credit / Gift Certificate","25","no","","","","no","no","","","","","","1","","","","days","","R1216","","no","no","no"
"r1216585c2fcb713f1","","publish","","","","Store Credit / Gift Certificate","25","no","","","","no","no","","","","","","1","","","","days","","R1216","","no","no","no"
"r1216585c2fcb71449","","publish","","","","Store Credit / Gift Certificate","25","no","","","","no","no","","","","","","1","","","","days","","R1216","","no","no","no"
"r1216585c2fcb714a3","","publish","","","","Store Credit / Gift Certificate","25","no","","","","no","no","","","","","","1","","","","days","","R1216","","no","no","no"
"r1216585c2fcb71504","","publish","","","","Store Credit / Gift Certificate","25","no","","","","no","no","","","","","","1","","","","days","","R1216","","no","no","no"
"r1216585c2fcb7155e","","publish","","","","Store Credit / Gift Certificate","25","no","","","","no","no","","","","","","1","","","","days","","R1216","","no","no","no"
"r1216585c2fcb715b7","","publish","","","","Store Credit / Gift Certificate","25","no","","","","no","no","","","","","","1","","","","days","","R1216","","no","no","no"
"r1216585c2fcb71612","","publish","","","","Store Credit / Gift Certificate","25","no","","","","no","no","","","","","","1","","","","days","","R1216","","no","no","no"
"r1216585c2fcb7167b","","publish","","","","Store Credit / Gift Certificate","25","no","","","","no","no","","","","","","1","","","","days","","R1216","","no","no","no"
"r1216585c2fcb716db","","publish","","","","Store Credit / Gift Certificate","25","no","","","","no","no","","","","","","1","","","","days","","R1216","","no","no","no"
"r1216585c2fcb71740","","publish","","","","Store Credit / Gift Certificate","25","no","","","","no","no","","","","","","1","","","","days","","R1216","","no","no","no"
"r1216585c2fcb7179f","","publish","","","","Store Credit / Gift Certificate","25","no","","","","no","no","","","","","","1","","","","days","","R1216","","no","no","no"
"r1216585c2fcb717fb","","publish","","","","Store Credit / Gift Certificate","25","no","","","","no","no","","","","","","1","","","","days","","R1216","","no","no","no"
"r1216585c2fcb71855","","publish","","","","Store Credit / Gift Certificate","25","no","","","","no","no","","","","","","1","","","","days","","R1216","","no","no","no"
"r1216585c2fcb718af","","publish","","","","Store Credit / Gift Certificate","25","no","","","","no","no","","","","","","1","","","","days","","R1216","","no","no","no"
"r1216585c2fcb71909","","publish","","","","Store Credit / Gift Certificate","25","no","","","","no","no","","","","","","1","","","","days","","R1216","","no","no","no"
"r1216585c2fcb71964","","publish","","","","Store Credit / Gift Certificate","25","no","","","","no","no","","","","","","1","","","","days","","R1216","","no","no","no"
"r1216585c2fcb719be","","publish","","","","Store Credit / Gift Certificate","25","no","","","","no","no","","","","","","1","","","","days","","R1216","","no","no","no"
"r1216585c2fcb71a19","","publish","","","","Store Credit / Gift Certificate","25","no","","","","no","no","","","","","","1","","","","days","","R1216","","no","no","no"
"r1216585c2fcb71a74","","publish","","","","Store Credit / Gift Certificate","25","no","","","","no","no","","","","","","1","","","","days","","R1216","","no","no","no"
"r1216585c2fcb71ace","","publish","","","","Store Credit / Gift Certificate","25","no","","","","no","no","","","","","","1","","","","days","","R1216","","no","no","no"
"r1216585c2fcb71b29","","publish","","","","Store Credit / Gift Certificate","25","no","","","","no","no","","","","","","1","","","","days","","R1216","","no","no","no"
"r1216585c2fcb71b88","","publish","","","","Store Credit / Gift Certificate","25","no","","","","no","no","","","","","","1","","","","days","","R1216","","no","no","no"
"r1216585c2fcb71c00","","publish","","","","Store Credit / Gift Certificate","25","no","","","","no","no","","","","","","1","","","","days","","R1216","","no","no","no"
"r1216585c2fcb71c61","","publish","","","","Store Credit / Gift Certificate","25","no","","","","no","no","","","","","","1","","","","days","","R1216","","no","no","no"
"r1216585c2fcb71cbe","","publish","","","","Store Credit / Gift Certificate","25","no","","","","no","no","","","","","","1","","","","days","","R1216","","no","no","no"
"r1216585c2fcb71d1a","","publish","","","","Store Credit / Gift Certificate","25","no","","","","no","no","","","","","","1","","","","days","","R1216","","no","no","no"
"r1216585c2fcb71d77","","publish","","","","Store Credit / Gift Certificate","25","no","","","","no","no","","","","","","1","","","","days","","R1216","","no","no","no"
"r1216585c2fcb71dd3","","publish","","","","Store Credit / Gift Certificate","25","no","","","","no","no","","","","","","1","","","","days","","R1216","","no","no","no"
"r1216585c2fcb71e2f","","publish","","","","Store Credit / Gift Certificate","25","no","","","","no","no","","","","","","1","","","","days","","R1216","","no","no","no"
"r1216585c2fcb71e8b","","publish","","","","Store Credit / Gift Certificate","25","no","","","","no","no","","","","","","1","","","","days","","R1216","","no","no","no"
"r1216585c2fcb71ee7","","publish","","","","Store Credit / Gift Certificate","25","no","","","","no","no","","","","","","1","","","","days","","R1216","","no","no","no"
"r1216585c2fcb71f45","","publish","","","","Store Credit / Gift Certificate","25","no","","","","no","no","","","","","","1","","","","days","","R1216","","no","no","no"
"r1216585c2fcb71fa6","","publish","","","","Store Credit / Gift Certificate","25","no","","","","no","no","","","","","","1","","","","days","","R1216","","no","no","no"
"r1216585c2fcb72002","","publish","","","","Store Credit / Gift Certificate","25","no","","","","no","no","","","","","","1","","","","days","","R1216","","no","no","no"
"r1216585c2fcb72063","","publish","","","","Store Credit / Gift Certificate","25","no","","","","no","no","","","","","","1","","","","days","","R1216","","no","no","no"
"r1216585c2fcb720be","","publish","","","","Store Credit / Gift Certificate","25","no","","","","no","no","","","","","","1","","","","days","","R1216","","no","no","no"
"r1216585c2fcb7211a","","publish","","","","Store Credit / Gift Certificate","25","no","","","","no","no","","","","","","1","","","","days","","R1216","","no","no","no"
"r1216585c2fcb72176","","publish","","","","Store Credit / Gift Certificate","25","no","","","","no","no","","","","","","1","","","","days","","R1216","","no","no","no"
"r1216585c2fcb721d2","","publish","","","","Store Credit / Gift Certificate","25","no","","","","no","no","","","","","","1","","","","days","","R1216","","no","no","no"
"r1216585c2fcb7222e","","publish","","","","Store Credit / Gift Certificate","25","no","","","","no","no","","","","","","1","","","","days","","R1216","","no","no","no"
"r1216585c2fcb7228a","","publish","","","","Store Credit / Gift Certificate","25","no","","","","no","no","","","","","","1","","","","days","","R1216","","no","no","no"
"r1216585c2fcb722e6","","publish","","","","Store Credit / Gift Certificate","25","no","","","","no","no","","","","","","1","","","","days","","R1216","","no","no","no"
"r1216585c2fcb7234f","","publish","","","","Store Credit / Gift Certificate","25","no","","","","no","no","","","","","","1","","","","days","","R1216","","no","no","no"
"r1216585c2fcb723ae","","publish","","","","Store Credit / Gift Certificate","25","no","","","","no","no","","","","","","1","","","","days","","R1216","","no","no","no"
"r1216585c2fcb7240b","","publish","","","","Store Credit / Gift Certificate","25","no","","","","no","no","","","","","","1","","","","days","","R1216","","no","no","no"
"r1216585c2fcb72468","","publish","","","","Store Credit / Gift Certificate","25","no","","","","no","no","","","","","","1","","","","days","","R1216","","no","no","no"
"r1216585c2fcb724c5","","publish","","","","Store Credit / Gift Certificate","25","no","","","","no","no","","","","","","1","","","","days","","R1216","","no","no","no"
"r1216585c2fcb72522","","publish","","","","Store Credit / Gift Certificate","25","no","","","","no","no","","","","","","1","","","","days","","R1216","","no","no","no"
"r1216585c2fcb7257f","","publish","","","","Store Credit / Gift Certificate","25","no","","","","no","no","","","","","","1","","","","days","","R1216","","no","no","no"
"r1216585c2fcb725dc","","publish","","","","Store Credit / Gift Certificate","25","no","","","","no","no","","","","","","1","","","","days","","R1216","","no","no","no"
"r1216585c2fcb72639","","publish","","","","Store Credit / Gift Certificate","25","no","","","","no","no","","","","","","1","","","","days","","R1216","","no","no","no"
"r1216585c2fcb72697","","publish","","","","Store Credit / Gift Certificate","25","no","","","","no","no","","","","","","1","","","","days","","R1216","","no","no","no"
"r1216585c2fcb726fa","","publish","","","","Store Credit / Gift Certificate","25","no","","","","no","no","","","","","","1","","","","days","","R1216","","no","no","no"
"r1216585c2fcb7275c","","publish","","","","Store Credit / Gift Certificate","25","no","","","","no","no","","","","","","1","","","","days","","R1216","","no","no","no"
"r1216585c2fcb727ba","","publish","","","","Store Credit / Gift Certificate","25","no","","","","no","no","","","","","","1","","","","days","","R1216","","no","no","no"
"r1216585c2fcb7281f","","publish","","","","Store Credit / Gift Certificate","25","no","","","","no","no","","","","","","1","","","","days","","R1216","","no","no","no"
"r1216585c2fcb7287c","","publish","","","","Store Credit / Gift Certificate","25","no","","","","no","no","","","","","","1","","","","days","","R1216","","no","no","no"
"r1216585c2fcb728d9","","publish","","","","Store Credit / Gift Certificate","25","no","","","","no","no","","","","","","1","","","","days","","R1216","","no","no","no"
"r1216585c2fcb72935","","publish","","","","Store Credit / Gift Certificate","25","no","","","","no","no","","","","","","1","","","","days","","R1216","","no","no","no"
"r1216585c2fcb72992","","publish","","","","Store Credit / Gift Certificate","25","no","","","","no","no","","","","","","1","","","","days","","R1216","","no","no","no"
"r1216585c2fcb729ef","","publish","","","","Store Credit / Gift Certificate","25","no","","","","no","no","","","","","","1","","","","days","","R1216","","no","no","no"
"r1216585c2fcb72a50","","publish","","","","Store Credit / Gift Certificate","25","no","","","","no","no","","","","","","1","","","","days","","R1216","","no","no","no"
"r1216585c2fcb72aae","","publish","","","","Store Credit / Gift Certificate","25","no","","","","no","no","","","","","","1","","","","days","","R1216","","no","no","no"
"r1216585c2fcb72b0c","","publish","","","","Store Credit / Gift Certificate","25","no","","","","no","no","","","","","","1","","","","days","","R1216","","no","no","no"
"r1216585c2fcb72b75","","publish","","","","Store Credit / Gift Certificate","25","no","","","","no","no","","","","","","1","","","","days","","R1216","","no","no","no"
"r1216585c2fcb72bd3","","publish","","","","Store Credit / Gift Certificate","25","no","","","","no","no","","","","","","1","","","","days","","R1216","","no","no","no"
"r1216585c2fcb72c31","","publish","","","","Store Credit / Gift Certificate","25","no","","","","no","no","","","","","","1","","","","days","","R1216","","no","no","no"
"r1216585c2fcb72c8f","","publish","","","","Store Credit / Gift Certificate","25","no","","","","no","no","","","","","","1","","","","days","","R1216","","no","no","no"
"r1216585c2fcb72ced","","publish","","","","Store Credit / Gift Certificate","25","no","","","","no","no","","","","","","1","","","","days","","R1216","","no","no","no"
"r1216585c2fcb72d4c","","publish","","","","Store Credit / Gift Certificate","25","no","","","","no","no","","","","","","1","","","","days","","R1216","","no","no","no"
"r1216585c2fcb72dab","","publish","","","","Store Credit / Gift Certificate","25","no","","","","no","no","","","","","","1","","","","days","","R1216","","no","no","no"
"r1216585c2fcb72e0f","","publish","","","","Store Credit / Gift Certificate","25","no","","","","no","no","","","","","","1","","","","days","","R1216","","no","no","no"
"r1216585c2fcb72e6c","","publish","","","","Store Credit / Gift Certificate","25","no","","","","no","no","","","","","","1","","","","days","","R1216","","no","no","no"
"r1216585c2fcb72ec9","","publish","","","","Store Credit / Gift Certificate","25","no","","","","no","no","","","","","","1","","","","days","","R1216","","no","no","no"
"r1216585c2fcb72f2a","","publish","","","","Store Credit / Gift Certificate","25","no","","","","no","no","","","","","","1","","","","days","","R1216","","no","no","no"
"r1216585c2fcb72fb0","","publish","","","","Store Credit / Gift Certificate","25","no","","","","no","no","","","","","","1","","","","days","","R1216","","no","no","no"
"r1216585c2fcb7304b","","publish","","","","Store Credit / Gift Certificate","25","no","","","","no","no","","","","","","1","","","","days","","R1216","","no","no","no"
"r1216585c2fcb730b0","","publish","","","","Store Credit / Gift Certificate","25","no","","","","no","no","","","","","","1","","","","days","","R1216","","no","no","no"
"r1216585c2fcb7310f","","publish","","","","Store Credit / Gift Certificate","25","no","","","","no","no","","","","","","1","","","","days","","R1216","","no","no","no"
"r1216585c2fcb7318f","","publish","","","","Store Credit / Gift Certificate","25","no","","","","no","no","","","","","","1","","","","days","","R1216","","no","no","no"
"r1216585c2fcb73218","","publish","","","","Store Credit / Gift Certificate","25","no","","","","no","no","","","","","","1","","","","days","","R1216","","no","no","no"
"r1216585c2fcb73296","","publish","","","","Store Credit / Gift Certificate","25","no","","","","no","no","","","","","","1","","","","days","","R1216","","no","no","no"
"r1216585c2fcb73322","","publish","","","","Store Credit / Gift Certificate","25","no","","","","no","no","","","","","","1","","","","days","","R1216","","no","no","no"
"r1216585c2fcb7338f","","publish","","","","Store Credit / Gift Certificate","25","no","","","","no","no","","","","","","1","","","","days","","R1216","","no","no","no"
"r1216585c2fcb733f2","","publish","","","","Store Credit / Gift Certificate","25","no","","","","no","no","","","","","","1","","","","days","","R1216","","no","no","no"
"r1216585c2fcb73452","","publish","","","","Store Credit / Gift Certificate","25","no","","","","no","no","","","","","","1","","","","days","","R1216","","no","no","no"
"r1216585c2fcb734b2","","publish","","","","Store Credit / Gift Certificate","25","no","","","","no","no","","","","","","1","","","","days","","R1216","","no","no","no"
"r1216585c2fcb73511","","publish","","","","Store Credit / Gift Certificate","25","no","","","","no","no","","","","","","1","","","","days","","R1216","","no","no","no"
"r1216585c2fcb73571","","publish","","","","Store Credit / Gift Certificate","25","no","","","","no","no","","","","","","1","","","","days","","R1216","","no","no","no"
"r1216585c2fcb735d9","","publish","","","","Store Credit / Gift Certificate","25","no","","","","no","no","","","","","","1","","","","days","","R1216","","no","no","no"
"r1216585c2fcb73675","","publish","","","","Store Credit / Gift Certificate","25","no","","","","no","no","","","","","","1","","","","days","","R1216","","no","no","no"
"r1216585c2fcb7370a","","publish","","","","Store Credit / Gift Certificate","25","no","","","","no","no","","","","","","1","","","","days","","R1216","","no","no","no"
"r1216585c2fcb73793","","publish","","","","Store Credit / Gift Certificate","25","no","","","","no","no","","","","","","1","","","","days","","R1216","","no","no","no"
"r1216585c2fcb7381b","","publish","","","","Store Credit / Gift Certificate","25","no","","","","no","no","","","","","","1","","","","days","","R1216","","no","no","no"
"r1216585c2fcb73888","","publish","","","","Store Credit / Gift Certificate","25","no","","","","no","no","","","","","","1","","","","days","","R1216","","no","no","no"
"r1216585c2fcb738e9","","publish","","","","Store Credit / Gift Certificate","25","no","","","","no","no","","","","","","1","","","","days","","R1216","","no","no","no"
"r1216585c2fcb7394a","","publish","","","","Store Credit / Gift Certificate","25","no","","","","no","no","","","","","","1","","","","days","","R1216","","no","no","no"
"r1216585c2fcb739aa","","publish","","","","Store Credit / Gift Certificate","25","no","","","","no","no","","","","","","1","","","","days","","R1216","","no","no","no"
"r1216585c2fcb73a0b","","publish","","","","Store Credit / Gift Certificate","25","no","","","","no","no","","","","","","1","","","","days","","R1216","","no","no","no"
"r1216585c2fcb73a6a","","publish","","","","Store Credit / Gift Certificate","25","no","","","","no","no","","","","","","1","","","","days","","R1216","","no","no","no"
"r1216585c2fcb73ade","","publish","","","","Store Credit / Gift Certificate","25","no","","","","no","no","","","","","","1","","","","days","","R1216","","no","no","no"
"r1216585c2fcb73b64","","publish","","","","Store Credit / Gift Certificate","25","no","","","","no","no","","","","","","1","","","","days","","R1216","","no","no","no"
"r1216585c2fcb73bcd","","publish","","","","Store Credit / Gift Certificate","25","no","","","","no","no","","","","","","1","","","","days","","R1216","","no","no","no"
"r1216585c2fcb73c2e","","publish","","","","Store Credit / Gift Certificate","25","no","","","","no","no","","","","","","1","","","","days","","R1216","","no","no","no"
"r1216585c2fcb73c8f","","publish","","","","Store Credit / Gift Certificate","25","no","","","","no","no","","","","","","1","","","","days","","R1216","","no","no","no"
"r1216585c2fcb73cf4","","publish","","","","Store Credit / Gift Certificate","25","no","","","","no","no","","","","","","1","","","","days","","R1216","","no","no","no"
"r1216585c2fcb73d5a","","publish","","","","Store Credit / Gift Certificate","25","no","","","","no","no","","","","","","1","","","","days","","R1216","","no","no","no"
"r1216585c2fcb73dbd","","publish","","","","Store Credit / Gift Certificate","25","no","","","","no","no","","","","","","1","","","","days","","R1216","","no","no","no"
"r1216585c2fcb73e1d","","publish","","","","Store Credit / Gift Certificate","25","no","","","","no","no","","","","","","1","","","","days","","R1216","","no","no","no"
"r1216585c2fcb73e7d","","publish","","","","Store Credit / Gift Certificate","25","no","","","","no","no","","","","","","1","","","","days","","R1216","","no","no","no"
"r1216585c2fcb73edf","","publish","","","","Store Credit / Gift Certificate","25","no","","","","no","no","","","","","","1","","","","days","","R1216","","no","no","no"
"r1216585c2fcb73f69","","publish","","","","Store Credit / Gift Certificate","25","no","","","","no","no","","","","","","1","","","","days","","R1216","","no","no","no"
"r1216585c2fcb74008","","publish","","","","Store Credit / Gift Certificate","25","no","","","","no","no","","","","","","1","","","","days","","R1216","","no","no","no"
"r1216585c2fcb740a2","","publish","","","","Store Credit / Gift Certificate","25","no","","","","no","no","","","","","","1","","","","days","","R1216","","no","no","no"
"r1216585c2fcb74137","","publish","","","","Store Credit / Gift Certificate","25","no","","","","no","no","","","","","","1","","","","days","","R1216","","no","no","no"
"r1216585c2fcb741c9","","publish","","","","Store Credit / Gift Certificate","25","no","","","","no","no","","","","","","1","","","","days","","R1216","","no","no","no"
"r1216585c2fcb74258","","publish","","","","Store Credit / Gift Certificate","25","no","","","","no","no","","","","","","1","","","","days","","R1216","","no","no","no"
"r1216585c2fcb742ee","","publish","","","","Store Credit / Gift Certificate","25","no","","","","no","no","","","","","","1","","","","days","","R1216","","no","no","no"
"r1216585c2fcb74375","","publish","","","","Store Credit / Gift Certificate","25","no","","","","no","no","","","","","","1","","","","days","","R1216","","no","no","no"
"r1216585c2fcb743e8","","publish","","","","Store Credit / Gift Certificate","25","no","","","","no","no","","","","","","1","","","","days","","R1216","","no","no","no"
"r1216585c2fcb7444c","","publish","","","","Store Credit / Gift Certificate","25","no","","","","no","no","","","","","","1","","","","days","","R1216","","no","no","no"
"r1216585c2fcb744ad","","publish","","","","Store Credit / Gift Certificate","25","no","","","","no","no","","","","","","1","","","","days","","R1216","","no","no","no"
"r1216585c2fcb7450f","","publish","","","","Store Credit / Gift Certificate","25","no","","","","no","no","","","","","","1","","","","days","","R1216","","no","no","no"
"r1216585c2fcb74571","","publish","","","","Store Credit / Gift Certificate","25","no","","","","no","no","","","","","","1","","","","days","","R1216","","no","no","no"
"r1216585c2fcb745d7","","publish","","","","Store Credit / Gift Certificate","25","no","","","","no","no","","","","","","1","","","","days","","R1216","","no","no","no"
"r1216585c2fcb7464b","","publish","","","","Store Credit / Gift Certificate","25","no","","","","no","no","","","","","","1","","","","days","","R1216","","no","no","no"
"r1216585c2fcb746b3","","publish","","","","Store Credit / Gift Certificate","25","no","","","","no","no","","","","","","1","","","","days","","R1216","","no","no","no"
"r1216585c2fcb74727","","publish","","","","Store Credit / Gift Certificate","25","no","","","","no","no","","","","","","1","","","","days","","R1216","","no","no","no"
"r1216585c2fcb7478f","","publish","","","","Store Credit / Gift Certificate","25","no","","","","no","no","","","","","","1","","","","days","","R1216","","no","no","no"
"r1216585c2fcb74800","","publish","","","","Store Credit / Gift Certificate","25","no","","","","no","no","","","","","","1","","","","days","","R1216","","no","no","no"
"r1216585c2fcb74865","","publish","","","","Store Credit / Gift Certificate","25","no","","","","no","no","","","","","","1","","","","days","","R1216","","no","no","no"
"r1216585c2fcb748c7","","publish","","","","Store Credit / Gift Certificate","25","no","","","","no","no","","","","","","1","","","","days","","R1216","","no","no","no"
"r1216585c2fcb7492a","","publish","","","","Store Credit / Gift Certificate","25","no","","","","no","no","","","","","","1","","","","days","","R1216","","no","no","no"
"r1216585c2fcb7498e","","publish","","","","Store Credit / Gift Certificate","25","no","","","","no","no","","","","","","1","","","","days","","R1216","","no","no","no"
"r1216585c2fcb749fa","","publish","","","","Store Credit / Gift Certificate","25","no","","","","no","no","","","","","","1","","","","days","","R1216","","no","no","no"
"r1216585c2fcb74a61","","publish","","","","Store Credit / Gift Certificate","25","no","","","","no","no","","","","","","1","","","","days","","R1216","","no","no","no"
"r1216585c2fcb74ad0","","publish","","","","Store Credit / Gift Certificate","25","no","","","","no","no","","","","","","1","","","","days","","R1216","","no","no","no"
"r1216585c2fcb74b5a","","publish","","","","Store Credit / Gift Certificate","25","no","","","","no","no","","","","","","1","","","","days","","R1216","","no","no","no"
"r1216585c2fcb74bc9","","publish","","","","Store Credit / Gift Certificate","25","no","","","","no","no","","","","","","1","","","","days","","R1216","","no","no","no"
"r1216585c2fcb74c2e","","publish","","","","Store Credit / Gift Certificate","25","no","","","","no","no","","","","","","1","","","","days","","R1216","","no","no","no"
"r1216585c2fcb74c93","","publish","","","","Store Credit / Gift Certificate","25","no","","","","no","no","","","","","","1","","","","days","","R1216","","no","no","no"
"r1216585c2fcb74cfa","","publish","","","","Store Credit / Gift Certificate","25","no","","","","no","no","","","","","","1","","","","days","","R1216","","no","no","no"
"r1216585c2fcb74d63","","publish","","","","Store Credit / Gift Certificate","25","no","","","","no","no","","","","","","1","","","","days","","R1216","","no","no","no"
"r1216585c2fcb74dc9","","publish","","","","Store Credit / Gift Certificate","25","no","","","","no","no","","","","","","1","","","","days","","R1216","","no","no","no"
"r1216585c2fcb74e30","","publish","","","","Store Credit / Gift Certificate","25","no","","","","no","no","","","","","","1","","","","days","","R1216","","no","no","no"
"r1216585c2fcb74e9d","","publish","","","","Store Credit / Gift Certificate","25","no","","","","no","no","","","","","","1","","","","days","","R1216","","no","no","no"
"r1216585c2fcb74f0b","","publish","","","","Store Credit / Gift Certificate","25","no","","","","no","no","","","","","","1","","","","days","","R1216","","no","no","no"
"r1216585c2fcb74f7d","","publish","","","","Store Credit / Gift Certificate","25","no","","","","no","no","","","","","","1","","","","days","","R1216","","no","no","no"
"r1216585c2fcb74fe5","","publish","","","","Store Credit / Gift Certificate","25","no","","","","no","no","","","","","","1","","","","days","","R1216","","no","no","no"
"r1216585c2fcb7504a","","publish","","","","Store Credit / Gift Certificate","25","no","","","","no","no","","","","","","1","","","","days","","R1216","","no","no","no"
"r1216585c2fcb750b2","","publish","","","","Store Credit / Gift Certificate","25","no","","","","no","no","","","","","","1","","","","days","","R1216","","no","no","no"
"r1216585c2fcb75119","","publish","","","","Store Credit / Gift Certificate","25","no","","","","no","no","","","","","","1","","","","days","","R1216","","no","no","no"
"r1216585c2fcb75180","","publish","","","","Store Credit / Gift Certificate","25","no","","","","no","no","","","","","","1","","","","days","","R1216","","no","no","no"
"r1216585c2fcb751e7","","publish","","","","Store Credit / Gift Certificate","25","no","","","","no","no","","","","","","1","","","","days","","R1216","","no","no","no"
"r1216585c2fcb7524e","","publish","","","","Store Credit / Gift Certificate","25","no","","","","no","no","","","","","","1","","","","days","","R1216","","no","no","no"
"r1216585c2fcb752b8","","publish","","","","Store Credit / Gift Certificate","25","no","","","","no","no","","","","","","1","","","","days","","R1216","","no","no","no"
"r1216585c2fcb7531f","","publish","","","","Store Credit / Gift Certificate","25","no","","","","no","no","","","","","","1","","","","days","","R1216","","no","no","no"
"r1216585c2fcb75388","","publish","","","","Store Credit / Gift Certificate","25","no","","","","no","no","","","","","","1","","","","days","","R1216","","no","no","no"
"r1216585c2fcb753ef","","publish","","","","Store Credit / Gift Certificate","25","no","","","","no","no","","","","","","1","","","","days","","R1216","","no","no","no"
"r1216585c2fcb75458","","publish","","","","Store Credit / Gift Certificate","25","no","","","","no","no","","","","","","1","","","","days","","R1216","","no","no","no"
"r1216585c2fcb754c5","","publish","","","","Store Credit / Gift Certificate","25","no","","","","no","no","","","","","","1","","","","days","","R1216","","no","no","no"
"r1216585c2fcb75544","","publish","","","","Store Credit / Gift Certificate","25","no","","","","no","no","","","","","","1","","","","days","","R1216","","no","no","no"
"r1216585c2fcb755b0","","publish","","","","Store Credit / Gift Certificate","25","no","","","","no","no","","","","","","1","","","","days","","R1216","","no","no","no"
"r1216585c2fcb75619","","publish","","","","Store Credit / Gift Certificate","25","no","","","","no","no","","","","","","1","","","","days","","R1216","","no","no","no"
"r1216585c2fcb756ac","","publish","","","","Store Credit / Gift Certificate","25","no","","","","no","no","","","","","","1","","","","days","","R1216","","no","no","no"
"r1216585c2fcb7574e","","publish","","","","Store Credit / Gift Certificate","25","no","","","","no","no","","","","","","1","","","","days","","R1216","","no","no","no"
"r1216585c2fcb757cf","","publish","","","","Store Credit / Gift Certificate","25","no","","","","no","no","","","","","","1","","","","days","","R1216","","no","no","no"
"r1216585c2fcb7583f","","publish","","","","Store Credit / Gift Certificate","25","no","","","","no","no","","","","","","1","","","","days","","R1216","","no","no","no"
"r1216585c2fcb758ad","","publish","","","","Store Credit / Gift Certificate","25","no","","","","no","no","","","","","","1","","","","days","","R1216","","no","no","no"
"r1216585c2fcb75920","","publish","","","","Store Credit / Gift Certificate","25","no","","","","no","no","","","","","","1","","","","days","","R1216","","no","no","no"
"r1216585c2fcb7598a","","publish","","","","Store Credit / Gift Certificate","25","no","","","","no","no","","","","","","1","","","","days","","R1216","","no","no","no"
"r1216585c2fcb759f5","","publish","","","","Store Credit / Gift Certificate","25","no","","","","no","no","","","","","","1","","","","days","","R1216","","no","no","no"
"r1216585c2fcb75a67","","publish","","","","Store Credit / Gift Certificate","25","no","","","","no","no","","","","","","1","","","","days","","R1216","","no","no","no"
"r1216585c2fcb75ad3","","publish","","","","Store Credit / Gift Certificate","25","no","","","","no","no","","","","","","1","","","","days","","R1216","","no","no","no"
"r1216585c2fcb75b3c","","publish","","","","Store Credit / Gift Certificate","25","no","","","","no","no","","","","","","1","","","","days","","R1216","","no","no","no"
"r1216585c2fcb75ba4","","publish","","","","Store Credit / Gift Certificate","25","no","","","","no","no","","","","","","1","","","","days","","R1216","","no","no","no"
"r1216585c2fcb75c0c","","publish","","","","Store Credit / Gift Certificate","25","no","","","","no","no","","","","","","1","","","","days","","R1216","","no","no","no"
"r1216585c2fcb75c75","","publish","","","","Store Credit / Gift Certificate","25","no","","","","no","no","","","","","","1","","","","days","","R1216","","no","no","no"
"r1216585c2fcb75ce8","","publish","","","","Store Credit / Gift Certificate","25","no","","","","no","no","","","","","","1","","","","days","","R1216","","no","no","no"
"r1216585c2fcb75d55","","publish","","","","Store Credit / Gift Certificate","25","no","","","","no","no","","","","","","1","","","","days","","R1216","","no","no","no"
"r1216585c2fcb75dbf","","publish","","","","Store Credit / Gift Certificate","25","no","","","","no","no","","","","","","1","","","","days","","R1216","","no","no","no"
"r1216585c2fcb75e29","","publish","","","","Store Credit / Gift Certificate","25","no","","","","no","no","","","","","","1","","","","days","","R1216","","no","no","no"
"r1216585c2fcb75e95","","publish","","","","Store Credit / Gift Certificate","25","no","","","","no","no","","","","","","1","","","","days","","R1216","","no","no","no"
"r1216585c2fcb75eff","","publish","","","","Store Credit / Gift Certificate","25","no","","","","no","no","","","","","","1","","","","days","","R1216","","no","no","no"
"r1216585c2fcb75f8d","","publish","","","","Store Credit / Gift Certificate","25","no","","","","no","no","","","","","","1","","","","days","","R1216","","no","no","no"
"r1216585c2fcb75ffd","","publish","","","","Store Credit / Gift Certificate","25","no","","","","no","no","","","","","","1","","","","days","","R1216","","no","no","no"
"r1216585c2fcb76068","","publish","","","","Store Credit / Gift Certificate","25","no","","","","no","no","","","","","","1","","","","days","","R1216","","no","no","no"
"r1216585c2fcb760da","","publish","","","","Store Credit / Gift Certificate","25","no","","","","no","no","","","","","","1","","","","days","","R1216","","no","no","no"
"r1216585c2fcb7614a","","publish","","","","Store Credit / Gift Certificate","25","no","","","","no","no","","","","","","1","","","","days","","R1216","","no","no","no"
"r1216585c2fcb761bc","","publish","","","","Store Credit / Gift Certificate","25","no","","","","no","no","","","","","","1","","","","days","","R1216","","no","no","no"
"r1216585c2fcb76238","","publish","","","","Store Credit / Gift Certificate","25","no","","","","no","no","","","","","","1","","","","days","","R1216","","no","no","no"
"r1216585c2fcb762a7","","publish","","","","Store Credit / Gift Certificate","25","no","","","","no","no","","","","","","1","","","","days","","R1216","","no","no","no"
"r1216585c2fcb7632c","","publish","","","","Store Credit / Gift Certificate","25","no","","","","no","no","","","","","","1","","","","days","","R1216","","no","no","no"
"r1216585c2fcb7639e","","publish","","","","Store Credit / Gift Certificate","25","no","","","","no","no","","","","","","1","","","","days","","R1216","","no","no","no"
"r1216585c2fcb76409","","publish","","","","Store Credit / Gift Certificate","25","no","","","","no","no","","","","","","1","","","","days","","R1216","","no","no","no"
"r1216585c2fcb76474","","publish","","","","Store Credit / Gift Certificate","25","no","","","","no","no","","","","","","1","","","","days","","R1216","","no","no","no"
"r1216585c2fcb764df","","publish","","","","Store Credit / Gift Certificate","25","no","","","","no","no","","","","","","1","","","","days","","R1216","","no","no","no"
"r1216585c2fcb76551","","publish","","","","Store Credit / Gift Certificate","25","no","","","","no","no","","","","","","1","","","","days","","R1216","","no","no","no"
"r1216585c2fcb765bc","","publish","","","","Store Credit / Gift Certificate","25","no","","","","no","no","","","","","","1","","","","days","","R1216","","no","no","no"
"r1216585c2fcb7662b","","publish","","","","Store Credit / Gift Certificate","25","no","","","","no","no","","","","","","1","","","","days","","R1216","","no","no","no"
"r1216585c2fcb766a3","","publish","","","","Store Credit / Gift Certificate","25","no","","","","no","no","","","","","","1","","","","days","","R1216","","no","no","no"
"r1216585c2fcb7670e","","publish","","","","Store Credit / Gift Certificate","25","no","","","","no","no","","","","","","1","","","","days","","R1216","","no","no","no"
"r1216585c2fcb76786","","publish","","","","Store Credit / Gift Certificate","25","no","","","","no","no","","","","","","1","","","","days","","R1216","","no","no","no"
"r1216585c2fcb767f1","","publish","","","","Store Credit / Gift Certificate","25","no","","","","no","no","","","","","","1","","","","days","","R1216","","no","no","no"
"r1216585c2fcb76866","","publish","","","","Store Credit / Gift Certificate","25","no","","","","no","no","","","","","","1","","","","days","","R1216","","no","no","no"
"r1216585c2fcb768de","","publish","","","","Store Credit / Gift Certificate","25","no","","","","no","no","","","","","","1","","","","days","","R1216","","no","no","no"
"r1216585c2fcb7694e","","publish","","","","Store Credit / Gift Certificate","25","no","","","","no","no","","","","","","1","","","","days","","R1216","","no","no","no"
"r1216585c2fcb769c8","","publish","","","","Store Credit / Gift Certificate","25","no","","","","no","no","","","","","","1","","","","days","","R1216","","no","no","no"
"r1216585c2fcb76a4b","","publish","","","","Store Credit / Gift Certificate","25","no","","","","no","no","","","","","","1","","","","days","","R1216","","no","no","no"
"r1216585c2fcb76ab9","","publish","","","","Store Credit / Gift Certificate","25","no","","","","no","no","","","","","","1","","","","days","","R1216","","no","no","no"
"r1216585c2fcb76b28","","publish","","","","Store Credit / Gift Certificate","25","no","","","","no","no","","","","","","1","","","","days","","R1216","","no","no","no"
"r1216585c2fcb76b94","","publish","","","","Store Credit / Gift Certificate","25","no","","","","no","no","","","","","","1","","","","days","","R1216","","no","no","no"
"r1216585c2fcb76c08","","publish","","","","Store Credit / Gift Certificate","25","no","","","","no","no","","","","","","1","","","","days","","R1216","","no","no","no"
"r1216585c2fcb76c82","","publish","","","","Store Credit / Gift Certificate","25","no","","","","no","no","","","","","","1","","","","days","","R1216","","no","no","no"
"r1216585c2fcb76cef","","publish","","","","Store Credit / Gift Certificate","25","no","","","","no","no","","","","","","1","","","","days","","R1216","","no","no","no"
"r1216585c2fcb76d5e","","publish","","","","Store Credit / Gift Certificate","25","no","","","","no","no","","","","","","1","","","","days","","R1216","","no","no","no"
"r1216585c2fcb76df1","","publish","","","","Store Credit / Gift Certificate","25","no","","","","no","no","","","","","","1","","","","days","","R1216","","no","no","no"
"r1216585c2fcb76e71","","publish","","","","Store Credit / Gift Certificate","25","no","","","","no","no","","","","","","1","","","","days","","R1216","","no","no","no"
"r1216585c2fcb76ee7","","publish","","","","Store Credit / Gift Certificate","25","no","","","","no","no","","","","","","1","","","","days","","R1216","","no","no","no"
"r1216585c2fcb76f63","","publish","","","","Store Credit / Gift Certificate","25","no","","","","no","no","","","","","","1","","","","days","","R1216","","no","no","no"
"r1216585c2fcb76feb","","publish","","","","Store Credit / Gift Certificate","25","no","","","","no","no","","","","","","1","","","","days","","R1216","","no","no","no"
"r1216585c2fcb77067","","publish","","","","Store Credit / Gift Certificate","25","no","","","","no","no","","","","","","1","","","","days","","R1216","","no","no","no"
"r1216585c2fcb770d4","","publish","","","","Store Credit / Gift Certificate","25","no","","","","no","no","","","","","","1","","","","days","","R1216","","no","no","no"
"r1216585c2fcb77141","","publish","","","","Store Credit / Gift Certificate","25","no","","","","no","no","","","","","","1","","","","days","","R1216","","no","no","no"
"r1216585c2fcb771ad","","publish","","","","Store Credit / Gift Certificate","25","no","","","","no","no","","","","","","1","","","","days","","R1216","","no","no","no"
"r1216585c2fcb77229","","publish","","","","Store Credit / Gift Certificate","25","no","","","","no","no","","","","","","1","","","","days","","R1216","","no","no","no"
"r1216585c2fcb7729e","","publish","","","","Store Credit / Gift Certificate","25","no","","","","no","no","","","","","","1","","","","days","","R1216","","no","no","no"
"r1216585c2fcb77319","","publish","","","","Store Credit / Gift Certificate","25","no","","","","no","no","","","","","","1","","","","days","","R1216","","no","no","no"
"r1216585c2fcb7738a","","publish","","","","Store Credit / Gift Certificate","25","no","","","","no","no","","","","","","1","","","","days","","R1216","","no","no","no"
"r1216585c2fcb77403","","publish","","","","Store Credit / Gift Certificate","25","no","","","","no","no","","","","","","1","","","","days","","R1216","","no","no","no"
"r1216585c2fcb77473","","publish","","","","Store Credit / Gift Certificate","25","no","","","","no","no","","","","","","1","","","","days","","R1216","","no","no","no"
"r1216585c2fcb774e1","","publish","","","","Store Credit / Gift Certificate","25","no","","","","no","no","","","","","","1","","","","days","","R1216","","no","no","no"
"r1216585c2fcb77552","","publish","","","","Store Credit / Gift Certificate","25","no","","","","no","no","","","","","","1","","","","days","","R1216","","no","no","no"
"r1216585c2fcb775c7","","publish","","","","Store Credit / Gift Certificate","25","no","","","","no","no","","","","","","1","","","","days","","R1216","","no","no","no"
"r1216585c2fcb77638","","publish","","","","Store Credit / Gift Certificate","25","no","","","","no","no","","","","","","1","","","","days","","R1216","","no","no","no"
"r1216585c2fcb776ae","","publish","","","","Store Credit / Gift Certificate","25","no","","","","no","no","","","","","","1","","","","days","","R1216","","no","no","no"
"r1216585c2fcb77728","","publish","","","","Store Credit / Gift Certificate","25","no","","","","no","no","","","","","","1","","","","days","","R1216","","no","no","no"
"r1216585c2fcb7779a","","publish","","","","Store Credit / Gift Certificate","25","no","","","","no","no","","","","","","1","","","","days","","R1216","","no","no","no"
"r1216585c2fcb77809","","publish","","","","Store Credit / Gift Certificate","25","no","","","","no","no","","","","","","1","","","","days","","R1216","","no","no","no"
"r1216585c2fcb77877","","publish","","","","Store Credit / Gift Certificate","25","no","","","","no","no","","","","","","1","","","","days","","R1216","","no","no","no"
"r1216585c2fcb778f5","","publish","","","","Store Credit / Gift Certificate","25","no","","","","no","no","","","","","","1","","","","days","","R1216","","no","no","no"
"r1216585c2fcb77970","","publish","","","","Store Credit / Gift Certificate","25","no","","","","no","no","","","","","","1","","","","days","","R1216","","no","no","no"
"r1216585c2fcb779f8","","publish","","","","Store Credit / Gift Certificate","25","no","","","","no","no","","","","","","1","","","","days","","R1216","","no","no","no"
"r1216585c2fcb77a71","","publish","","","","Store Credit / Gift Certificate","25","no","","","","no","no","","","","","","1","","","","days","","R1216","","no","no","no"
"r1216585c2fcb77ae9","","publish","","","","Store Credit / Gift Certificate","25","no","","","","no","no","","","","","","1","","","","days","","R1216","","no","no","no"
"r1216585c2fcb77b5f","","publish","","","","Store Credit / Gift Certificate","25","no","","","","no","no","","","","","","1","","","","days","","R1216","","no","no","no"
"r1216585c2fcb77bd9","","publish","","","","Store Credit / Gift Certificate","25","no","","","","no","no","","","","","","1","","","","days","","R1216","","no","no","no"
"r1216585c2fcb77c64","","publish","","","","Store Credit / Gift Certificate","25","no","","","","no","no","","","","","","1","","","","days","","R1216","","no","no","no"
"r1216585c2fcb77cdb","","publish","","","","Store Credit / Gift Certificate","25","no","","","","no","no","","","","","","1","","","","days","","R1216","","no","no","no"
"r1216585c2fcb77d49","","publish","","","","Store Credit / Gift Certificate","25","no","","","","no","no","","","","","","1","","","","days","","R1216","","no","no","no"
"r1216585c2fcb77db9","","publish","","","","Store Credit / Gift Certificate","25","no","","","","no","no","","","","","","1","","","","days","","R1216","","no","no","no"
"r1216585c2fcb77e25","","publish","","","","Store Credit / Gift Certificate","25","no","","","","no","no","","","","","","1","","","","days","","R1216","","no","no","no"
"r1216585c2fcb77e91","","publish","","","","Store Credit / Gift Certificate","25","no","","","","no","no","","","","","","1","","","","days","","R1216","","no","no","no"
"r1216585c2fcb77efe","","publish","","","","Store Credit / Gift Certificate","25","no","","","","no","no","","","","","","1","","","","days","","R1216","","no","no","no"
"r1216585c2fcb77f6b","","publish","","","","Store Credit / Gift Certificate","25","no","","","","no","no","","","","","","1","","","","days","","R1216","","no","no","no"
"r1216585c2fcb77fd8","","publish","","","","Store Credit / Gift Certificate","25","no","","","","no","no","","","","","","1","","","","days","","R1216","","no","no","no"
"r1216585c2fcb78046","","publish","","","","Store Credit / Gift Certificate","25","no","","","","no","no","","","","","","1","","","","days","","R1216","","no","no","no"
"r1216585c2fcb780b3","","publish","","","","Store Credit / Gift Certificate","25","no","","","","no","no","","","","","","1","","","","days","","R1216","","no","no","no"
"r1216585c2fcb78135","","publish","","","","Store Credit / Gift Certificate","25","no","","","","no","no","","","","","","1","","","","days","","R1216","","no","no","no"
"r1216585c2fcb781c3","","publish","","","","Store Credit / Gift Certificate","25","no","","","","no","no","","","","","","1","","","","days","","R1216","","no","no","no"
"r1216585c2fcb78237","","publish","","","","Store Credit / Gift Certificate","25","no","","","","no","no","","","","","","1","","","","days","","R1216","","no","no","no"
"r1216585c2fcb782a5","","publish","","","","Store Credit / Gift Certificate","25","no","","","","no","no","","","","","","1","","","","days","","R1216","","no","no","no"
"r1216585c2fcb78313","","publish","","","","Store Credit / Gift Certificate","25","no","","","","no","no","","","","","","1","","","","days","","R1216","","no","no","no"
"r1216585c2fcb78381","","publish","","","","Store Credit / Gift Certificate","25","no","","","","no","no","","","","","","1","","","","days","","R1216","","no","no","no"
"r1216585c2fcb783ef","","publish","","","","Store Credit / Gift Certificate","25","no","","","","no","no","","","","","","1","","","","days","","R1216","","no","no","no"
"r1216585c2fcb7845e","","publish","","","","Store Credit / Gift Certificate","25","no","","","","no","no","","","","","","1","","","","days","","R1216","","no","no","no"
"r1216585c2fcb784da","","publish","","","","Store Credit / Gift Certificate","25","no","","","","no","no","","","","","","1","","","","days","","R1216","","no","no","no"
"r1216585c2fcb7855e","","publish","","","","Store Credit / Gift Certificate","25","no","","","","no","no","","","","","","1","","","","days","","R1216","","no","no","no"
"r1216585c2fcb785dd","","publish","","","","Store Credit / Gift Certificate","25","no","","","","no","no","","","","","","1","","","","days","","R1216","","no","no","no"
"r1216585c2fcb78650","","publish","","","","Store Credit / Gift Certificate","25","no","","","","no","no","","","","","","1","","","","days","","R1216","","no","no","no"
"r1216585c2fcb786c2","","publish","","","","Store Credit / Gift Certificate","25","no","","","","no","no","","","","","","1","","","","days","","R1216","","no","no","no"
"r1216585c2fcb78732","","publish","","","","Store Credit / Gift Certificate","25","no","","","","no","no","","","","","","1","","","","days","","R1216","","no","no","no"
"r1216585c2fcb787a3","","publish","","","","Store Credit / Gift Certificate","25","no","","","","no","no","","","","","","1","","","","days","","R1216","","no","no","no"
"r1216585c2fcb78815","","publish","","","","Store Credit / Gift Certificate","25","no","","","","no","no","","","","","","1","","","","days","","R1216","","no","no","no"
"r1216585c2fcb78885","","publish","","","","Store Credit / Gift Certificate","25","no","","","","no","no","","","","","","1","","","","days","","R1216","","no","no","no"
"r1216585c2fcb788f6","","publish","","","","Store Credit / Gift Certificate","25","no","","","","no","no","","","","","","1","","","","days","","R1216","","no","no","no"
"r1216585c2fcb78968","","publish","","","","Store Credit / Gift Certificate","25","no","","","","no","no","","","","","","1","","","","days","","R1216","","no","no","no"
"r1216585c2fcb789d7","","publish","","","","Store Credit / Gift Certificate","25","no","","","","no","no","","","","","","1","","","","days","","R1216","","no","no","no"
"r1216585c2fcb78a47","","publish","","","","Store Credit / Gift Certificate","25","no","","","","no","no","","","","","","1","","","","days","","R1216","","no","no","no"
"r1216585c2fcb78ab6","","publish","","","","Store Credit / Gift Certificate","25","no","","","","no","no","","","","","","1","","","","days","","R1216","","no","no","no"
"r1216585c2fcb78b26","","publish","","","","Store Credit / Gift Certificate","25","no","","","","no","no","","","","","","1","","","","days","","R1216","","no","no","no"
"r1216585c2fcb78b7b","","publish","","","","Store Credit / Gift Certificate","25","no","","","","no","no","","","","","","1","","","","days","","R1216","","no","no","no"
"r1216585c2fcb78bec","","publish","","","","Store Credit / Gift Certificate","25","no","","","","no","no","","","","","","1","","","","days","","R1216","","no","no","no"
"r1216585c2fcb78c62","","publish","","","","Store Credit / Gift Certificate","25","no","","","","no","no","","","","","","1","","","","days","","R1216","","no","no","no"
"r1216585c2fcb78cd9","","publish","","","","Store Credit / Gift Certificate","25","no","","","","no","no","","","","","","1","","","","days","","R1216","","no","no","no"